keep_this_empty_column,case_sensitive,from,to
,FALSE,/,https://socialmobility.independent-commission.uk/
,FALSE,/strategic-approach/the-journey/,https://socialmobility.independent-commission.uk/for-employers/strategic-approach/
,FALSE,/strategic-approach/,https://socialmobility.independent-commission.uk/for-employers/strategic-approach/
,FALSE,/social-mobility-success-stories/,https://socialmobility.independent-commission.uk/case-studies-listing/
,FALSE,/organisation-directory/,https://socialmobility.independent-commission.uk/
,FALSE,/strategic-approach/why-use-a-strategic-approach/,https://socialmobility.independent-commission.uk/for-employers/why-focus-on-socio-economic-background/
,FALSE,/social-mobility-toolkits/,https://socialmobility.independent-commission.uk/for-employers/employer-toolkits/
,FALSE,/events/past-events/,https://socialmobility.independent-commission.uk/events-listings/
,FALSE,/maturity-assessment/,https://socialmobility.independent-commission.uk/
,FALSE,/resources/resource-documents/,https://socialmobility.independent-commission.uk/for-employers/employer-resources/
,FALSE,/resources/videos/,https://socialmobility.independent-commission.uk/for-employers/employer-resources/
,FALSE,/resources/webinars-masterclasses/,https://socialmobility.independent-commission.uk/for-employers/employer-resources/
,FALSE,/resources/further-reading/,https://socialmobility.independent-commission.uk/for-employers/employer-resources/
,FALSE,/privacy/,https://socialmobility.independent-commission.uk/privacy-policy-2/
,FALSE,/news/employer-consultation/,https://socialmobility.independent-commission.uk/announcing-our-employer-consultation/
,FALSE,/contact/,https://socialmobility.independent-commission.uk/contact-us/
,FALSE,/submit-to-directory/,https://socialmobility.independent-commission.uk/
,FALSE,/events/,https://socialmobility.independent-commission.uk/events-listings/
,FALSE,/labour-market-slides/,https://socialmobility.independent-commission.uk/app/uploads/2024/01/Alun-Francis-introduction-speech-slides-SMC-value-of-qualifications-1.pdf
,FALSE,/meet-our-commissioners/,https://socialmobility.independent-commission.uk/people-listing/
,FALSE,,
,FALSE,/news/,https://socialmobility.independent-commission.uk/news-and-blogs/
,FALSE,/blog/accent-bias-in-practice/,https://socialmobility.independent-commission.uk/blogs/accent-bias-what-does-that-mean-in-practice/
,FALSE,/blog/advocating-for-change/,https://socialmobility.independent-commission.uk/blogs/social-mobility-masterclass-for-employers-4-advocacy/
,FALSE,/blog/alun_francis/,https://socialmobility.independent-commission.uk/blogs/alun-francis-what-social-mobility-means-to-me/
,FALSE,/blog/apprenticeships-a-game-changer-for-social-mobility/,https://socialmobility.independent-commission.uk/blogs/apprenticeships-a-game-changer-for-social-mobility/
,FALSE,/blog/apprenticeships-why-diverse-talent-is-smart-business/,https://socialmobility.independent-commission.uk/blogs/apprenticeships-why-hiring-diverse-talent-is-smart-business/
,FALSE,/blog/celebrating-the-national-day-for-staff-networks/,https://socialmobility.independent-commission.uk/blogs/celebrating-the-national-day-for-staff-networks/
,FALSE,/blog/culture-leadership/,https://socialmobility.independent-commission.uk/blogs/social-mobility-masterclass-for-employers-3-culture-and-leadership/
,FALSE,/blog/data-guidance-launch/,https://socialmobility.independent-commission.uk/blogs/explore-our-new-guidance-on-data-launched-today/
,FALSE,/blog/data-masterclass/,https://socialmobility.independent-commission.uk/blogs/social-mobility-masterclass-for-employers-6-data/
,FALSE,/blog/elitist-britain-2019-why-do-we-desperately-need-to-deconstruct-the-pathways-to-britains-elite-and-why-should-business-care/,https://socialmobility.independent-commission.uk/blogs/elitist-britain-2019-why-do-we-desperately-need-to-deconstruct-the-pathways-to-britains-elite-and-why-should-business-care/
,FALSE,/blog/employer-blog-an-award-winning-outreach-collaboration-combatting-socio-economic-cultural-bias-in-universities/,https://socialmobility.independent-commission.uk/blogs/employer-blog-an-award-winning-outreach-collaboration-combatting-socio-economic-cultural-bias-in-universities/
,FALSE,/blog/employer-blog-darrell-sharpe/,https://socialmobility.independent-commission.uk/blogs/employer-blog-darrell-sharpe-aviva-investors/
,FALSE,/blog/employer-blog-increasing-social-mobility-through-management-and-leadership-culture/,https://socialmobility.independent-commission.uk/blogs/employer-blog-increasing-social-mobility-through-management-and-leadership-culture/
,FALSE,/blog/employer-blog-lennon-ball/,https://socialmobility.independent-commission.uk/blogs/employer-blog-lennon-ball-at-phoenix-group/
,FALSE,/blog/employer-blog-maisha-rashid/,https://socialmobility.independent-commission.uk/blogs/employer-blog-maisha-rashid-purchase-ledger-administrator-jupiter-asset-management/
,FALSE,/blog/employer-blog-meeting-the-ambitions-of-employers-and-young-people/,https://socialmobility.independent-commission.uk/blogs/employer-blog-meeting-the-ambitions-of-employers-and-young-people-from-outreach-to-intake/
,FALSE,/blog/employer-blog-national-t-levels-week/,https://socialmobility.independent-commission.uk/blogs/employer-blog-national-t-levels-week/
,FALSE,/blog/employer-blog-social-mobility-awareness-day/,https://socialmobility.independent-commission.uk/blogs/employer-blog-social-mobility-awareness-day/
,FALSE,/blog/employer-blog-taking-small-steps-with-mentoring/,https://socialmobility.independent-commission.uk/blogs/employer-blog-taking-small-steps-with-mentoring/
,FALSE,/blog/employer-blog-the-powerful-benefits-of-outreach-through-mentoring/,https://socialmobility.independent-commission.uk/blogs/employer-blog-the-powerful-benefits-of-outreach-through-mentoring/
,FALSE,/blog/employer-blog-using-data-to-improve-socio-economic-inclusion/,https://socialmobility.independent-commission.uk/blogs/employer-blog-using-data-to-improve-socio-economic-inclusion/
,FALSE,/blog/event-recap-be-inspired-to-make-the-change-practical-advice-from-those-within-the-creative-industries/,https://socialmobility.independent-commission.uk/blogs/event-recap-be-inspired-to-make-the-change-practical-advice-from-those-within-the-creative-industries/
,FALSE,/blog/financial-professional-services-toolkit/,https://socialmobility.independent-commission.uk/blogs/explore-our-new-resource-for-financial-professional-services/
,FALSE,/blog/hiring-the-best-talent/,https://socialmobility.independent-commission.uk/blogs/social-mobility-masterclass-for-employers-2-hiring/
,FALSE,/blog/how-to-get-the-most-out-of-apprenticeships-guide-for-employers/,https://socialmobility.independent-commission.uk/blogs/how-to-get-the-most-out-of-apprenticeships-guide-for-employers/
,FALSE,/blog/in-work-progression-commission-why-training-and-progression-should-matter-to-you-and-your-staff-and-how-you-can-best-support-it/,https://socialmobility.independent-commission.uk/blogs/in-work-progression-commission-why-training-and-progression-should-matter-to-you-and-your-staff-and-how-you-can-best-support-it/
,FALSE,/blog/lifelong-learning-how-can-we-support-adults-to-learn/,https://socialmobility.independent-commission.uk/blogs/lifelong-learning-how-can-we-support-adults-to-learn/
,FALSE,/blog/long-read-pathways-to-success-how-employer-outreach-programmes-can-help-disadvantaged-young-people-feel-career-ready/,https://socialmobility.independent-commission.uk/blogs/long-read-pathways-to-success-how-employer-outreach-programmes-can-help-disadvantaged-young-people-feel-career-ready/
,FALSE,/blog/post-16-education-choices/,https://socialmobility.independent-commission.uk/blogs/the-cross-roads-of-social-mobility-post-16-education-choices/
,FALSE,/blog/progression-masterclass/,https://socialmobility.independent-commission.uk/blogs/social-mobility-masterclass-for-employers-5-progression/
,FALSE,/blog/reaching-talented-people-from-all-backgrounds/,https://socialmobility.independent-commission.uk/blogs/reaching-talented-people-from-all-backgrounds/
,FALSE,/blog/recap-employers-masterclass-data/,https://socialmobility.independent-commission.uk/resources/recap-data-what-why-and-how/
,FALSE,/blog/recap-employers-masterclass-htcw/,https://socialmobility.independent-commission.uk/blogs/recap-employers-masterclass-how-to-talk-about-class-in-the-workplace/
,FALSE,/blog/recap-employers-masterclass-outreach/,https://socialmobility.independent-commission.uk/blogs/recap-employers-masterclass-outreach/
,FALSE,/blog/recap-employers-masterclass-progression/,https://socialmobility.independent-commission.uk/blogs/recap-employers-masterclass-progression/
,FALSE,/blog/recap-employers-masterclass-social-mobility-hiring-and-recruitment/,https://socialmobility.independent-commission.uk/blogs/recap-employers-masterclass-social-mobility-hiring-and-recruitment/
,FALSE,/blog/recap-in-conversation-with-ann-francke-obe-the-building-blocks-of-social-mobility-in-the-workplace/,https://socialmobility.independent-commission.uk/resources/recap-in-conversation-with-ann-francke-obe-the-building-blocks-of-social-mobility-in-the-workplace/
,FALSE,/blog/recap-masterclass-apprenticeships/,https://socialmobility.independent-commission.uk/blogs/recap-employers-masterclass-apprenticeships/
,FALSE,/blog/recap-mentoring-as-a-tool-to-support-social-mobility/,https://socialmobility.independent-commission.uk/resources/recap-mentoring-as-a-tool-to-support-social-mobility/
,FALSE,/blog/recap-progression-masterclass-as-an-employer-where-do-i-start/,https://socialmobility.independent-commission.uk/blogs/recap-progression-masterclass-as-an-employer-where-do-i-start/
,FALSE,/blog/recap-t-levels-what-why-where-and-how/,https://socialmobility.independent-commission.uk/resources/recap-t-levels-what-why-where-and-how/
,FALSE,/blog/recap-the-importance-of-culture-and-leadership-in-conversation-with-i-stephanie-boyce-president-of-the-law-society/,https://socialmobility.independent-commission.uk/resources/recap-the-importance-of-culture-and-leadership-in-conversation-with-i-stephanie-boyce-president-of-the-law-society/
,FALSE,/blog/recap-using-apprenticeships-to-improve-social-mobility-and-build-skills-for-life/,https://socialmobility.independent-commission.uk/resources/recap-using-apprenticeships-to-improve-social-mobility-and-build-skills-for-life/
,FALSE,/blog/recap-using-workforce-data-to-understand-and-improve-social-mobility/,https://socialmobility.independent-commission.uk/resources/recap-using-workforce-data-to-understand-and-improve-social-mobility/
,FALSE,/blog/social-mobility-awareness-day-why-does-it-matter/,https://socialmobility.independent-commission.uk/blogs/social-mobility-awareness-day-why-does-it-matter/
,FALSE,/blog/social-mobility-data-masterclass-why-you-need-to-askthequestion/,https://socialmobility.independent-commission.uk/blogs/social-mobility-data-masterclass-why-you-need-to-askthequestion/
,FALSE,/blog/social-mobility-masterclass-outreach/,https://socialmobility.independent-commission.uk/blogs/social-mobility-masterclass-for-employers-1-outreach/
,FALSE,/blog/social-mobility-masterclass-recap-leadership-culture-whos-driving-the-social-mobility-agenda-in-your-workplace/,https://socialmobility.independent-commission.uk/blogs/social-mobility-masterclass-recap-leadership-culture-whos-driving-the-social-mobility-agenda-in-your-workplace/
,FALSE,/blog/son2022insights/,https://socialmobility.independent-commission.uk/state-of-the-nation-2022-report-key-insights/
,FALSE,/blog/state-of-the-nation-2021-post-pandemic-employer-practices-will-continue-to-be-vital-to-progress-on-social-mobility/,https://socialmobility.independent-commission.uk/blogs/state-of-the-nation-2021-post-pandemic-employer-practices-will-continue-to-be-vital-to-progress-on-social-mobility/
,FALSE,/blog/storytelling-to-support-social-mobility/,https://socialmobility.independent-commission.uk/blogs/storytelling-to-support-social-mobility/
,FALSE,/blog/training-route-out-of-low-pay/,https://socialmobility.independent-commission.uk/blogs/our-new-reports-highlight-training-as-the-key-route-out-of-low-pay/
,FALSE,/blog/webinar-and-panel-discussion-the-impact-of-covid-19-on-social-mobility-what-employers-can-do/,https://socialmobility.independent-commission.uk/blogs/the-impact-of-covid-19-on-social-mobility-what-employers-can-do-webinar-and-panel-discussion/
,FALSE,/blog/young-peoples-prospects-impacted-by-covid-and-new-employer-guidance-from-sutton-trust/,https://socialmobility.independent-commission.uk/blogs/young-peoples-prospects-impacted-by-covid-and-new-employer-guidance-from-sutton-trust/
,FALSE,/employer-newsletter/employer-newsletter-01-september-2022/,https://socialmobility.independent-commission.uk/blogs/employer-newsletter-01-september-2022/
,FALSE,/employer-newsletter/employer-newsletter-12-december-2022/,https://socialmobility.independent-commission.uk/blogs/employer-newsletter-12-december-2022/
,FALSE,/employer-newsletter/employer-newsletter-12-january-2023/,https://socialmobility.independent-commission.uk/blogs/employer-newsletter-12-january-2023/
,FALSE,/employer-newsletter/employer-newsletter-12-october-2022/,https://socialmobility.independent-commission.uk/blogs/employer-newsletter-12-october-2022/
,FALSE,/employer-newsletter/employer-newsletter-14-april-2023/,https://socialmobility.independent-commission.uk/blogs/employer-newsletter-14-april-2023/
,FALSE,/employer-newsletter/employer-newsletter-15-august-2023/,https://socialmobility.independent-commission.uk/blogs/employer-newsletter-15-august-2023/
,FALSE,/employer-newsletter/employer-newsletter-18-july-2023/,https://socialmobility.independent-commission.uk/blogs/employer-newsletter-18-july-2023/
,FALSE,/employer-newsletter/employer-newsletter-21-september-2022/,https://socialmobility.independent-commission.uk/blogs/employer-newsletter-21-september-2022/
,FALSE,/employer-newsletter/employer-newsletter-26-june/,https://socialmobility.independent-commission.uk/blogs/employer-newsletter-26-june-2023/
,FALSE,/employer-newsletter/employer-newsletter-5-may-2023/,https://socialmobility.independent-commission.uk/blogs/employer-newsletter-5-may-2023/
,FALSE,/employer-newsletter/employer-newsletter-8-november-2022/,https://socialmobility.independent-commission.uk/blogs/employer-newsletter-8-november-2022/
,FALSE,/employer-newsletter/employer-newsletter-9-march-2023/,https://socialmobility.independent-commission.uk/blogs/employer-newsletter-9-march-2023/
,FALSE,/events/join-us-to-drive-sustainable-change-in-social-mobility-sunderland/,https://socialmobility.independent-commission.uk/events/join-us-to-drive-sustainable-change-in-social-mobility/
,FALSE,/events/state-of-the-nation-2021-social-mobility-and-the-pandemic-launch-event/,https://socialmobility.independent-commission.uk/blogs/state-of-the-nation-2021-social-mobility-and-the-pandemic-launch-event/
,FALSE,/events/uk-social-mobility-awards-entries-close-on-26-june/,https://socialmobility.independent-commission.uk/
,FALSE,/events/use-apprenticeships-to-improve-your-socio-economic-diversity/,https://socialmobility.independent-commission.uk/events/making-the-most-out-of-apprenticeships-webinar/
,FALSE,/events/webinar-for-employers-develop-talent-through-apprenticeships/,https://socialmobility.independent-commission.uk/blogs/webinar-for-employers-develop-talent-through-apprenticeships/
,FALSE,/news/announcing-our-new-employer-advisory-group/,https://socialmobility.independent-commission.uk/announcing-our-new-employer-advisory-group/
,FALSE,/news/apprenticeships-social-mobility-you-can-help-apprenticeships-reach-their-social-mobility-potential/,https://socialmobility.independent-commission.uk/blogs/apprenticeships-social-mobility-you-can-help-apprenticeships-reach-their-social-mobility-potential/
,FALSE,/news/apprenticeships/,https://socialmobility.independent-commission.uk/smc-publishes-major-report-on-apprenticeships/
,FALSE,/news/bsas/,https://socialmobility.independent-commission.uk/blogs/social-mobility-awareness-day-findings-from-2021-british-social-attitudes-survey/
,FALSE,/news/do-you-still-need-to-leave-home-for-a-better-life-smc-publishes-new-report/,https://socialmobility.independent-commission.uk/blogs/do-you-still-need-to-leave-home-for-a-better-life-smc-publishes-new-report/
,FALSE,/news/elle-and-social-mobility-commission-launch-initiative-to-find-the-next-generation-of-creative-talent/,https://socialmobility.independent-commission.uk/
,FALSE,/news/employer-consultation/,https://socialmobility.independent-commission.uk/announcing-our-employer-consultation/
,FALSE,/news/monitoring-social-mobility-since-2013/,https://socialmobility.independent-commission.uk/monitoring-social-mobility-since-2013-major-report-published/
,FALSE,/news/national-apprenticeships-week-2022-help-build-the-inclusive-future/,https://socialmobility.independent-commission.uk/blogs/national-apprenticeships-week-2022-help-build-the-inclusive-future/
,FALSE,/news/new-report-are-progression-policies-hindering-social-mobility/,https://socialmobility.independent-commission.uk/blogs/new-report-are-progression-policies-hindering-social-mobility/
,FALSE,/news/retail_toolkit_press_release/,https://socialmobility.independent-commission.uk/press_releases/employers-welcome-new-guidance-to-help-retail-sector-focus-on-social-mobility/
,FALSE,/news/secondment-opportunity/,https://socialmobility.independent-commission.uk/secondment-opportunity/
,FALSE,/news/smc-response-to-the-chancellors-multi-billion-pound-plan-for-jobs/,https://socialmobility.independent-commission.uk/
,FALSE,/news/state-of-the-nation-2022-a-fresh-approach-to-social-mobility/,https://socialmobility.independent-commission.uk/state-of-the-nation-2022-a-fresh-approach-to-social-mobility/
,FALSE,/news/tackling-the-classcrisis-in-the-creative-industries-how-creative-industries-employers-can-promote-socio-economic-diversity-and-inclusion/,https://socialmobility.independent-commission.uk/blogs/tackling-the-classcrisis-in-the-creative-industries-how-creative-industries-employers-can-promote-socio-economic-diversity-and-inclusion/
,FALSE,/recap/recap-accents-in-the-workplace/,https://socialmobility.independent-commission.uk/resources/recap-accents-in-the-workplace/
,FALSE,/recap/recap-lets-talk-about-class/,https://socialmobility.independent-commission.uk/resources/recap-lets-talk-about-class/
,FALSE,/recap/recap-outreach-and-social-mobility/,https://socialmobility.independent-commission.uk/resources/recap-outreach-and-social-mobility/
,FALSE,/recap/recap-the-art-of-using-storytelling-to-build-inclusion/,https://socialmobility.independent-commission.uk/resources/recap-the-art-of-using-storytelling-to-build-inclusion/
,FALSE,,
,FALSE,/directory/,https://socialmobility.independent-commission.uk/
,FALSE,/directory/uk-youth-2/,https://socialmobility.independent-commission.uk/
,FALSE,/directory/channels/,https://socialmobility.independent-commission.uk/
,FALSE,/directory/common/,https://socialmobility.independent-commission.uk/
,FALSE,/directory/accent-bias-in-britain/,https://socialmobility.independent-commission.uk/
,FALSE,/directory/the-5-club/,https://socialmobility.independent-commission.uk/
,FALSE,/directory/yes-futures/,https://socialmobility.independent-commission.uk/
,FALSE,/directory/the-brilliant-club/,https://socialmobility.independent-commission.uk/
,FALSE,/directory/inspiring-the-future/,https://socialmobility.independent-commission.uk/
,FALSE,/directory/speakers-for-schools/,https://socialmobility.independent-commission.uk/
,FALSE,/directory/intouniversity/,https://socialmobility.independent-commission.uk/
,FALSE,/directory/the-social-mobility-foundation-smf/,https://socialmobility.independent-commission.uk/
,FALSE,/directory/generation-success/,https://socialmobility.independent-commission.uk/
,FALSE,/directory/brightside/,https://socialmobility.independent-commission.uk/
,FALSE,/directory/childrens-university/,https://socialmobility.independent-commission.uk/
,FALSE,/directory/uprising-leadership/,https://socialmobility.independent-commission.uk/
,FALSE,/directory/talent-rise/,https://socialmobility.independent-commission.uk/
,FALSE,/directory/upreach/,https://socialmobility.independent-commission.uk/
,FALSE,/directory/movement-to-work/,https://socialmobility.independent-commission.uk/
,FALSE,/directory/institute-for-employment-studies/,https://socialmobility.independent-commission.uk/
,FALSE,/directory/the-princes-trust/,https://socialmobility.independent-commission.uk/
,FALSE,/directory/youth-employment-uk/,https://socialmobility.independent-commission.uk/
,FALSE,/directory/business-in-the-community-the-princes-responsible-business-network/,https://socialmobility.independent-commission.uk/
,FALSE,/directory/bridge-group/,https://socialmobility.independent-commission.uk/
,FALSE,/directory/the-association-of-graduate-careers-advisory-services/,https://socialmobility.independent-commission.uk/
,FALSE,/directory/cipd/,https://socialmobility.independent-commission.uk/
,FALSE,/directory/young-urban-arts-foundation/,https://socialmobility.independent-commission.uk/
,FALSE,/directory/the-sutton-trust/,https://socialmobility.independent-commission.uk/
,FALSE,/directory/making-the-leap/,https://socialmobility.independent-commission.uk/
,FALSE,/directory/the-careers-and-enterprise-company/,https://socialmobility.independent-commission.uk/
,FALSE,/directory/prime/,https://socialmobility.independent-commission.uk/
,FALSE,/directory/commercial-break/,https://socialmobility.independent-commission.uk/
,FALSE,/directory/mybigcareer/,https://socialmobility.independent-commission.uk/
,FALSE,/directory/wemindthegap/,https://socialmobility.independent-commission.uk/
,FALSE,/directory/i-have-a-voice/,https://socialmobility.independent-commission.uk/
,FALSE,/directory/causeway-education/,https://socialmobility.independent-commission.uk/
,FALSE,/directory/the-talent-tap/,https://socialmobility.independent-commission.uk/
,FALSE,/directory/university-of-east-london/,https://socialmobility.independent-commission.uk/
,FALSE,/directory/christs-hospital-foundation/,https://socialmobility.independent-commission.uk/
,FALSE,/directory/moving-ahead/,https://socialmobility.independent-commission.uk/
,FALSE,/directory/catch22/,https://socialmobility.independent-commission.uk/
,FALSE,/directory/inspiration-for-all/,https://socialmobility.independent-commission.uk/
,FALSE,/directory/national-education-opportunities-network/,https://socialmobility.independent-commission.uk/
,FALSE,/directory/access-accountancy/,https://socialmobility.independent-commission.uk/
,FALSE,/directory/social-mobility-business-partnership/,https://socialmobility.independent-commission.uk/
,FALSE,/directory/blackbullion/,https://socialmobility.independent-commission.uk/
,FALSE,/directory/the-linacre-institute/,https://socialmobility.independent-commission.uk/
,FALSE,/directory/career-ready-2/,https://socialmobility.independent-commission.uk/
,FALSE,/directory/the-talent-foundry/,https://socialmobility.independent-commission.uk/
,FALSE,/directory/aspiring-solicitors-foundation/,https://socialmobility.independent-commission.uk/
,FALSE,/directory/uptree-online-professional-network-careers-platform/,https://socialmobility.independent-commission.uk/
,FALSE,/directory/uk-social-mobility-awards/,https://socialmobility.independent-commission.uk/
,FALSE,/directory/the-early-careers-foundation/,https://socialmobility.independent-commission.uk/
,FALSE,/directory/future-frontiers/,https://socialmobility.independent-commission.uk/
,FALSE,/directory/reachout-2/,https://socialmobility.independent-commission.uk/
,FALSE,/directory/ey-foundation/,https://socialmobility.independent-commission.uk/
,FALSE,/directory/zero-gravity/,https://socialmobility.independent-commission.uk/
,FALSE,/directory/investment20-20/,https://socialmobility.independent-commission.uk/
,FALSE,/directory/creative-mentor-network/,https://socialmobility.independent-commission.uk/
,FALSE,/directory/the-brokerage/,https://socialmobility.independent-commission.uk/
,FALSE,/directory/presspad-limited/,https://socialmobility.independent-commission.uk/
,FALSE,/directory/babbasa/,https://socialmobility.independent-commission.uk/
,FALSE,/directory/the-land-collective-cic/,https://socialmobility.independent-commission.uk/
,FALSE,/directory/the-marketing-academy-foundation/,https://socialmobility.independent-commission.uk/
,FALSE,/directory/youth-futures-foundation/,https://socialmobility.independent-commission.uk/
,FALSE,/directory/sponsors-for-educational-opportunity-seo-london/,https://socialmobility.independent-commission.uk/
,FALSE,,
,FALSE,/success-stories/,https://socialmobility.independent-commission.uk/case-studies-listing/
,FALSE,/success-stories/accenture/,https://socialmobility.independent-commission.uk/case-studies/accenture/
,FALSE,/success-stories/allen-overy/,https://socialmobility.independent-commission.uk/case-studies/allen-overy/
,FALSE,/success-stories/auto-trader-uk/,https://socialmobility.independent-commission.uk/case-studies/auto-trader-uk/
,FALSE,/success-stories/bbc/,https://socialmobility.independent-commission.uk/case-studies/bbc/
,FALSE,/success-stories/bluecoat/,https://socialmobility.independent-commission.uk/case-studies/bluecoat/
,FALSE,/success-stories/bp/,https://socialmobility.independent-commission.uk/case-studies/bp/
,FALSE,/success-stories/capgemini/,https://socialmobility.independent-commission.uk/case-studies/capgemini/
,FALSE,/success-stories/channel-4/,https://socialmobility.independent-commission.uk/case-studies/channel-4/
,FALSE,/success-stories/companies-house/,https://socialmobility.independent-commission.uk/case-studies/companies-house/
,FALSE,/success-stories/enterprise/,https://socialmobility.independent-commission.uk/case-studies/emma-davies/
,FALSE,/success-stories/framestore/,https://socialmobility.independent-commission.uk/case-studies/enterprise/
,FALSE,/success-stories/grant-thornton/,https://socialmobility.independent-commission.uk/case-studies/framestore/
,FALSE,/success-stories/hmrc/,https://socialmobility.independent-commission.uk/case-studies/grant-thornton/
,FALSE,/success-stories/jll/,https://socialmobility.independent-commission.uk/case-studies/hmrc/
,FALSE,/success-stories/kpmg/,https://socialmobility.independent-commission.uk/case-studies/kpmg/
,FALSE,/success-stories/linklaters/,https://socialmobility.independent-commission.uk/case-studies/linklaters/
,FALSE,/success-stories/mediacom/,https://socialmobility.independent-commission.uk/case-studies/mediacom/
,FALSE,/success-stories/ministry-of-defence/,https://socialmobility.independent-commission.uk/case-studies/ministry-of-defence/
,FALSE,/success-stories/ministry-of-justice/,https://socialmobility.independent-commission.uk/case-studies/ministry-of-justice/
,FALSE,/success-stories/penguin-random-house/,https://socialmobility.independent-commission.uk/case-studies/penguin-random-house/
,FALSE,/success-stories/pwc/,https://socialmobility.independent-commission.uk/case-studies/pwc/
,FALSE,/success-stories/reynolds-porter-chamberlain/,https://socialmobility.independent-commission.uk/case-studies/reynolds-porter-chamberlain/
,FALSE,/success-stories/sage-gateshead-2/,https://socialmobility.independent-commission.uk/case-studies/sage-gateshead-2/
,FALSE,/success-stories/sage-gateshead/,https://socialmobility.independent-commission.uk/case-studies/sage-gateshead-2/
,FALSE,/success-stories/santander/,https://socialmobility.independent-commission.uk/case-studies/santander/
,FALSE,/success-stories/simmons-simmons/,https://socialmobility.independent-commission.uk/case-studies/simmons-simmons/
,FALSE,/success-stories/speakers-for-schools/,https://socialmobility.independent-commission.uk/case-studies/speakers-for-schools/
,FALSE,/success-stories/the-co-op/,https://socialmobility.independent-commission.uk/case-studies/the-co-op/
,FALSE,/success-stories/the-edinburgh-festival-fringe-society/,https://socialmobility.independent-commission.uk/case-studies/the-edinburgh-festival-fringe-society/
,FALSE,/success-stories/the-old-vic/,https://socialmobility.independent-commission.uk/case-studies/the-old-vic/
,FALSE,/success-stories/vaultex/,https://socialmobility.independent-commission.uk/case-studies/vaultex/
,FALSE,,
,FALSE,/toolkit/appendix/,https://socialmobility.independent-commission.uk/resources/socio-economic-diversity-and-inclusion-employers-toolkit/
,FALSE,/toolkit/advocacy/,https://socialmobility.independent-commission.uk/resources/socio-economic-diversity-and-inclusion-employers-toolkit/
,FALSE,/toolkit/financial-and-professional-data/,https://socialmobility.independent-commission.uk/resources/financial-and-professional-services-toolkit/
,FALSE,/toolkit/financial-and-professional-culture-and-leadership/,https://socialmobility.independent-commission.uk/resources/financial-and-professional-services-toolkit/
,FALSE,/toolkit/outreach/,https://socialmobility.independent-commission.uk/resources/socio-economic-diversity-and-inclusion-employers-toolkit/
,FALSE,/toolkit/financial-and-professional-outreach/,https://socialmobility.independent-commission.uk/resources/financial-and-professional-services-toolkit/
,FALSE,/toolkit/financial-and-professional-advocacy/,https://socialmobility.independent-commission.uk/resources/financial-and-professional-services-toolkit/
,FALSE,/toolkit/financial-and-professional-appendix/,https://socialmobility.independent-commission.uk/resources/financial-and-professional-services-toolkit/
,FALSE,/toolkit/financial-and-professional-hiring/,https://socialmobility.independent-commission.uk/resources/financial-and-professional-services-toolkit/
,FALSE,/toolkit/data/,https://socialmobility.independent-commission.uk/resources/socio-economic-diversity-and-inclusion-employers-toolkit/
,FALSE,/toolkit/progression/,https://socialmobility.independent-commission.uk/resources/socio-economic-diversity-and-inclusion-employers-toolkit/
,FALSE,/toolkit/financial-and-professional-progression/,https://socialmobility.independent-commission.uk/resources/financial-and-professional-services-toolkit/
,FALSE,/toolkit/culture-and-leadership/,https://socialmobility.independent-commission.uk/resources/socio-economic-diversity-and-inclusion-employers-toolkit/
,FALSE,/toolkit/hiring/,https://socialmobility.independent-commission.uk/resources/socio-economic-diversity-and-inclusion-employers-toolkit/
,FALSE,/toolkit/creative-industries-toolkit-appendix/,https://socialmobility.independent-commission.uk/resources/creative-industries-toolkit/
,FALSE,/toolkit/financial-and-professional-measurement/,https://socialmobility.independent-commission.uk/resources/financial-and-professional-services-toolkit/
,FALSE,/toolkit/apprenticeships-toolkit-outreach/,https://socialmobility.independent-commission.uk/resources/apprenticeships-toolkit/
,FALSE,/toolkit/apprenticeships-toolkit-data/,https://socialmobility.independent-commission.uk/resources/apprenticeships-toolkit/
,FALSE,/toolkit/apprenticeships-toolkit-culture-and-leadership/,https://socialmobility.independent-commission.uk/resources/apprenticeships-toolkit/
,FALSE,/toolkit/apprenticeships-toolkit-hiring/,https://socialmobility.independent-commission.uk/resources/apprenticeships-toolkit/
,FALSE,/toolkit/apprenticeships-toolkit-progression/,https://socialmobility.independent-commission.uk/resources/apprenticeships-toolkit/
,FALSE,/toolkit/apprenticeships-toolkit-advocacy/,https://socialmobility.independent-commission.uk/resources/apprenticeships-toolkit/
,FALSE,/toolkit/apprenticeships-toolkit-appendix/,https://socialmobility.independent-commission.uk/resources/apprenticeships-toolkit/
,FALSE,/toolkit/measurement/,https://socialmobility.independent-commission.uk/resources/socio-economic-diversity-and-inclusion-employers-toolkit/
,FALSE,/toolkit/creative-industries-toolkit-advocacy/,https://socialmobility.independent-commission.uk/resources/creative-industries-toolkit/
,FALSE,/toolkit/creative-industries-toolkit-progression/,https://socialmobility.independent-commission.uk/resources/creative-industries-toolkit/
,FALSE,/toolkit/creative-industries-toolkit-hiring/,https://socialmobility.independent-commission.uk/resources/creative-industries-toolkit/
,FALSE,/toolkit/creative-industries-toolkit-outreach/,https://socialmobility.independent-commission.uk/resources/creative-industries-toolkit/
,FALSE,/toolkit/creative-industries-toolkit-culture-and-leadership/,https://socialmobility.independent-commission.uk/resources/creative-industries-toolkit/
,FALSE,/toolkit/creative-industries-toolkit-data/,https://socialmobility.independent-commission.uk/resources/creative-industries-toolkit/
,FALSE,/toolkit/creative-industries-measurement/,https://socialmobility.independent-commission.uk/resources/creative-industries-toolkit/
,FALSE,,
,FALSE,/resource/the-road-not-taken-the-drivers-of-course-selection-review-of-literature-survey-evidence/,https://socialmobility.independent-commission.uk/reports/the-road-not-taken-drivers-of-course-selection/
,FALSE,/resource/the-road-not-taken-the-drivers-of-course-selection-report/,https://socialmobility.independent-commission.uk/reports/the-road-not-taken-drivers-of-course-selection/
,FALSE,/resource/smc-barometer-report/,https://www.youtube.com/watch?v=Gkl-YRVyGBU
,FALSE,/resource/social-mobility-employers-masterclass-series-21-data/,https://socialmobility.independent-commission.uk/blogs/reaching-talented-people-from-all-backgrounds/
,FALSE,/resource/smc-saeed-atcha-mbe-dl-5-pillars/,https://socialmobility.independent-commission.uk/
,FALSE,/resource/explore-our-new-guidance-on-data-launched-today/,https://socialmobility.independent-commission.uk/blogs/explore-our-new-guidance-on-data-launched-today/
,FALSE,/resource/learning-ladders-adult-training-and-progression-out-of-low-pay/,https://www.gov.uk/government/publications/learning-ladders-adult-training-and-progression-out-of-low-pay
,FALSE,/resource/our-new-reports-highlight-training-as-the-key-route-out-of-low-pay/,https://socialmobility.independent-commission.uk/blogs/our-new-reports-highlight-training-as-the-key-route-out-of-low-pay/
,FALSE,/resource/what-social-mobility-can-do-for-your-business/,https://socialmobility.independent-commission.uk/blogs/new-videos-top-tips-and-inspiration-for-employers/
,FALSE,/resource/new-videos-top-tips-and-inspiration-for-employers/,https://socialmobility.independent-commission.uk/blogs/new-videos-top-tips-and-inspiration-for-employers/
,FALSE,/resource/tips-from-the-employers-toolkit-data/,https://socialmobility.independent-commission.uk/blogs/new-videos-top-tips-and-inspiration-for-employers/
,FALSE,/resource/tips-from-the-employers-toolkit-outreach/,https://socialmobility.independent-commission.uk/blogs/new-videos-top-tips-and-inspiration-for-employers/
,FALSE,/resource/tips-from-the-employers-toolkit-hiring/,https://socialmobility.independent-commission.uk/blogs/new-videos-top-tips-and-inspiration-for-employers/
,FALSE,/resource/tips-from-the-employers-toolkit-progression/,https://socialmobility.independent-commission.uk/blogs/new-videos-top-tips-and-inspiration-for-employers/
,FALSE,/resource/tips-from-the-employers-toolkit-culture-and-leadership/,https://socialmobility.independent-commission.uk/blogs/new-videos-top-tips-and-inspiration-for-employers/
,FALSE,/resource/smc-report-finds-that-social-mobility-across-england-is-a-postcode-lottery/,https://socialmobility.independent-commission.uk/blogs/smc-report-finds-that-social-mobility-across-england-is-a-postcode-lottery/
,FALSE,/resource/smc-commissioner-sammy-wright-interviewed-on-bbc-news-about-the-2020-a-level-results/,https://socialmobility.independent-commission.uk/
,FALSE,/resource/the-long-shadow-of-deprivation-best-worst-social-mobility-areas/,https://www.gov.uk/government/publications/the-long-shadow-of-deprivation-differences-in-opportunities
,FALSE,/resource/the-long-shadow-of-deprivation-technical-report/,https://www.gov.uk/government/publications/the-long-shadow-of-deprivation-differences-in-opportunities
,FALSE,/resource/the-long-shadow-of-deprivation-differences-in-opportunities-across-england/,https://www.gov.uk/government/publications/the-long-shadow-of-deprivation-differences-in-opportunities
,FALSE,/resource/the-early-years-workforce-underpaid-overworked-and-undervalued/,https://socialmobility.independent-commission.uk/blogs/the-early-years-workforce-underpaid-overworked-and-undervalued/
,FALSE,/resource/the-stability-of-the-early-years-workforce-in-england/,https://www.gov.uk/government/publications/the-stability-of-the-early-years-workforce-in-england
,FALSE,/resource/young-peoples-prospects-impacted-by-covid-and-new-employer-guidance-from-sutton-trust/,https://socialmobility.independent-commission.uk/blogs/young-peoples-prospects-impacted-by-covid-and-new-employer-guidance-from-sutton-trust/
,FALSE,/resource/moving-out-to-move-on-technical-report/,https://socialmobility.independent-commission.uk/reports/internal-migration-and-social-mobility-moving-out-to-move-on/
,FALSE,/resource/moving-out-to-move-on-report/,https://socialmobility.independent-commission.uk/reports/internal-migration-and-social-mobility-moving-out-to-move-on/
,FALSE,/resource/elle-and-social-mobility-commission-launch-initiative-to-find-the-next-generation-of-creative-talent/,https://socialmobility.independent-commission.uk/
,FALSE,/resource/do-you-still-need-to-leave-home-for-a-better-life-smc-publishes-new-report/,https://socialmobility.independent-commission.uk/blogs/do-you-still-need-to-leave-home-for-a-better-life-smc-publishes-new-report/
,FALSE,/resource/smc-response-to-the-chancellors-multi-billion-pound-plan-for-jobs/,https://socialmobility.independent-commission.uk
,FALSE,/resource/how-to-get-the-most-from-apprenticeships-guidance-to-employers/,https://socialmobility.independent-commission.uk/smc-publishes-major-report-on-apprenticeships/
,FALSE,/resource/elitist-britain-2019-why-do-we-desperately-need-to-deconstruct-the-pathways-to-britains-elite-and-why-should-business-care/,https://socialmobility.independent-commission.uk/blogs/elitist-britain-2019-why-do-we-desperately-need-to-deconstruct-the-pathways-to-britains-elite-and-why-should-business-care/
,FALSE,/resource/social-mobility-commission-employers-toolkit-launch-event/,https://socialmobility.independent-commission.uk/resources/socio-economic-diversity-and-inclusion-employers-toolkit/
,FALSE,/resource/social-mobility-commission-cross-industry-toolkit/,https://socialmobility.independent-commission.uk/resources/socio-economic-diversity-and-inclusion-employers-toolkit/
,FALSE,/resource/mitigating-the-impact-of-covid-19-on-social-mobility/,https://socialmobility.independent-commission.uk/blogs/the-impact-of-covid-19-on-social-mobility-what-employers-can-do-webinar-and-panel-discussion/
,FALSE,/resource/monitoring-social-mobility-2013-2020-report/,https://socialmobility.independent-commission.uk/monitoring-social-mobility-since-2013-major-report-published/
,FALSE,/resource/monitoring-social-mobility-since-2013-major-report-published/,https://socialmobility.independent-commission.uk/monitoring-social-mobility-since-2013-major-report-published/
,FALSE,/resource/apprenticeships-and-social-mobility-fulfilling-potential-report/,https://www.gov.uk/government/publications/apprenticeships-and-social-mobility-fulfilling-potential
,FALSE,/resource/apprenticeships-and-social-mobility-fulfilling-potential-technical-report/,https://www.gov.uk/government/publications/apprenticeships-and-social-mobility-fulfilling-potential
,FALSE,/resource/webinar-for-employers-develop-talent-through-apprenticeships/,https://socialmobility.independent-commission.uk/blogs/webinar-for-employers-develop-talent-through-apprenticeships/
,FALSE,/resource/social-mobility-data-masterclass-why-you-need-to-askthequestion/,https://socialmobility.independent-commission.uk/blogs/social-mobility-data-masterclass-why-you-need-to-askthequestion/
,FALSE,/resource/apprenticeships-why-hiring-diverse-talent-is-smart-business/,https://socialmobility.independent-commission.uk/blogs/apprenticeships-why-hiring-diverse-talent-is-smart-business/
,FALSE,/resource/explore-our-new-resource-for-financial-professional-services/,https://socialmobility.independent-commission.uk/blogs/explore-our-new-resource-for-financial-professional-services/
,FALSE,/resource/the-cross-roads-of-social-mobility-post-16-education-choices/,https://socialmobility.independent-commission.uk/blogs/the-cross-roads-of-social-mobility-post-16-education-choices/
,FALSE,/resource/reaching-talented-people-from-all-backgrounds/,https://socialmobility.independent-commission.uk/blogs/reaching-talented-people-from-all-backgrounds/
,FALSE,/resource/apprenticeships-a-game-changer-for-social-mobility/,https://socialmobility.independent-commission.uk/blogs/apprenticeships-a-game-changer-for-social-mobility/
,FALSE,/resource/navigating-the-labyrinth-socio-economic-background-and-career-progression-within-the-civil-service/,https://socialmobility.independent-commission.uk/reports/navigating-the-labyrinth-socio-economic-background-and-career-progression-in-the-civil-service/
,FALSE,/resource/social-mobility-masterclass-for-employers-1-outreach/,https://socialmobility.independent-commission.uk/blogs/social-mobility-masterclass-for-employers-1-outreach/
,FALSE,/resource/social-mobility-masterclass-apprenticeships/,https://socialmobility.independent-commission.uk/blogs/apprenticeships-a-game-changer-for-social-mobility/
,FALSE,/resource/social-mobility-masterclass-for-employers-6-data/,https://socialmobility.independent-commission.uk/blogs/social-mobility-masterclass-for-employers-6-data/
,FALSE,/resource/social-mobility-toolkit-financial-professional-services-sector/,https://socialmobility.independent-commission.uk/blogs/explore-our-new-resource-for-financial-professional-services/
,FALSE,/resource/social-mobility-masterclass-for-employers-5-progression/,https://socialmobility.independent-commission.uk/blogs/social-mobility-masterclass-for-employers-5-progression/
,FALSE,/resource/masterclass-2021-progression/,https://socialmobility.independent-commission.uk/blogs/recap-progression-masterclass-as-an-employer-where-do-i-start/
,FALSE,/resource/masterclass-2021-leadership-culture/,https://socialmobility.independent-commission.uk/blogs/social-mobility-masterclass-recap-leadership-culture-whos-driving-the-social-mobility-agenda-in-your-workplace/
,FALSE,/resource/social-mobility-masterclass-for-employers-4-advocacy/,https://socialmobility.independent-commission.uk/blogs/social-mobility-masterclass-for-employers-4-advocacy/
,FALSE,/resource/social-mobility-masterclass-for-employers-3-leadership-culture/,https://socialmobility.independent-commission.uk/blogs/social-mobility-masterclass-for-employers-3-culture-and-leadership/
,FALSE,/resource/social-mobility-masterclass-for-employers-2-hiring/,https://socialmobility.independent-commission.uk/blogs/social-mobility-masterclass-for-employers-2-hiring/
,FALSE,/resource/masterclass-presentationhiring/,https://socialmobility.independent-commission.uk/blogs/recap-employers-masterclass-social-mobility-hiring-and-recruitment/
,FALSE,/resource/lets-talk-about-class-a-collection-of-resources-designed-to-support-inclusive-conversations-between-teams-on-the-importance-of-socio-economic-diversity-in-the-workplace/,https://socialmobility.independent-commission.uk/resources/lets-talk-about-class/
,FALSE,/resource/presentation-social-mobility-employers-masterclass-data-what-why-and-how/,https://socialmobility.independent-commission.uk/resources/recap-t-levels-what-why-where-and-how/
,FALSE,/resource/toolkit-the-building-blocks-an-employers-guide-to-social-mobility-in-the-workplace/,https://socialmobility.independent-commission.uk/resources/the-building-blocks-an-employers-guide-to-improving-social-mobility-in-the-workplace/
,FALSE,/resource/presentationmasterclassapprenticeships22/,https://socialmobility.independent-commission.uk/blogs/recap-employers-masterclass-apprenticeships/
,FALSE,/resource/presentation-social-mobility-employers-masterclass-2022-progression/,https://socialmobility.independent-commission.uk/blogs/recap-employers-masterclass-progression/
,FALSE,/resource/presentation-social-mobility-employers-masterclass-outreach/,https://socialmobility.independent-commission.uk/blogs/recap-employers-masterclass-outreach/
,FALSE,/resource/presentation-be-inspired-to-make-the-change-creativetooklit/,https://socialmobility.independent-commission.uk/blogs/event-recap-be-inspired-to-make-the-change-practical-advice-from-those-within-the-creative-industries/
,FALSE,/resource/presentation-apprenticeships-that-work-for-social-mobility/,https://socialmobility.independent-commission.uk/blogs/apprenticeships-social-mobility-you-can-help-apprenticeships-reach-their-social-mobility-potential/
,FALSE,/resource/retail-toolkit/,https://socialmobility.independent-commission.uk/resources/retail-toolkit/
,FALSE,,
,FALSE,/event/2020-youth-voice-census-report-launches-on-23-june/,https://socialmobility.independent-commission.uk/events-listings/
,FALSE,/event/2023-state-of-the-nation-report/,https://socialmobility.independent-commission.uk/events/2023-state-of-the-nation-report-people-and-places/
,FALSE,/event/a-new-approach-to-social-mobility/,https://socialmobility.independent-commission.uk/events/the-whitehall-industry-groups-a-new-approach-to-social-mobility-with-john-craven-director-social-mobility-commission/
,FALSE,/event/addressing-inequalities-in-education/,https://socialmobility.independent-commission.uk/events/business-in-the-communitys-time-to-act-addressing-inequalities-in-education/
,FALSE,/event/aelps-national-conference-2023/,https://socialmobility.independent-commission.uk/events/aelps-national-conference-2023/
,FALSE,/event/apprenticeships-and-social-mobility-a-practice-oriented-virtual-lunch-conversation-among-five-apprenticeship-practitioners/,https://socialmobility.independent-commission.uk/events/apprenticeships-and-social-mobility-a-practice-oriented-virtual-lunch-conversation-between-practitioners/
,FALSE,/event/apprenticeships-do-they-work-and-could-they-be-for-you/,https://socialmobility.independent-commission.uk/events/apprenticeships-do-they-work-and-could-they-be-for-you/
,FALSE,/event/assessing-apprenticeships-on-their-social-mobility-potential/,https://socialmobility.independent-commission.uk/events/assessing-apprenticeships-on-their-social-mobility-potential/
,FALSE,/event/be-inspired-to-make-the-change-socio-economic-inclusion-in-the-creative-industries/,https://socialmobility.independent-commission.uk/events/be-inspired-to-make-the-change-socio-economic-inclusion-in-the-creative-industries/
,FALSE,/event/bucking-the-trend-a-fresh-approach-to-social-mobility/,https://socialmobility.independent-commission.uk/events/bucking-the-trend-a-fresh-approach-to-social-mobility/
,FALSE,/event/cmi-womens-our-inclusive-future/,https://socialmobility.independent-commission.uk/events/cmi-womens-our-inclusive-future/
,FALSE,/event/data-for-social-mobility/,https://socialmobility.independent-commission.uk/events/data-bites-data-for-social-mobility-improving-the-collection-and-availability-of-data-across-government/
,FALSE,/event/driving-social-mobility-change-in-the-profession-social-mobility-data-what-to-ask-how-to-get-good-return-rates-and-how-to-analyse/,https://socialmobility.independent-commission.uk/events/driving-social-mobility-change-in-the-profession-social-mobility-data-what-to-ask-how-to-get-good-return-rates-and-how-to-analyse/
,FALSE,/event/employer-event-t-levels-what-why-where-and-how/,https://socialmobility.independent-commission.uk/events/employer-event-t-levels-what-why-where-and-how/
,FALSE,/event/employers-masterclass-accents-in-the-workplace/,https://socialmobility.independent-commission.uk/events/employers-masterclass-accents-in-the-workplace/
,FALSE,/event/employers-masterclass-data-addressing-the-challenges-and-understanding-the-opportunities/,https://socialmobility.independent-commission.uk/events/employers-masterclass-data-addressing-the-challenges-and-understanding-the-opportunities/
,FALSE,/event/employers-masterclass-how-to-use-data/,https://socialmobility.independent-commission.uk/events/employers-masterclass-using-workforce-data-to-understand-and-improve-social-mobility/
,FALSE,/event/employers-masterclass-lets-talk-about-class/,https://socialmobility.independent-commission.uk/events/employers-masterclass-lets-talk-about-class/
,FALSE,/event/employers-masterclass-social-mobility-and-outreach/,https://socialmobility.independent-commission.uk/events/employers-masterclass-social-mobility-and-outreach/
,FALSE,/event/employers-masterclass-social-mobility-culture-and-leadership/,https://socialmobility.independent-commission.uk/events/employers-masterclass-social-mobility-culture-and-leadership/
,FALSE,/event/employers-masterclass-the-art-of-using-storytelling/,https://socialmobility.independent-commission.uk/events/employers-masterclass-the-art-of-using-storytelling-to-build-inclusion/
,FALSE,/event/employers-masterclass-using-apprenticeships-to-improve-social-mobility-and-build-skills-for-life/,https://socialmobility.independent-commission.uk/events/employers-masterclass-using-apprenticeships-to-improve-social-mobility-and-build-skills-for-life/
,FALSE,/event/employers-masterclass-using-the-new-smc-data-explorer-tool-to-drive-regional-change/,https://socialmobility.independent-commission.uk/events/employers-masterclass-using-the-new-smc-data-explorer-tool-to-drive-regional-change/
,FALSE,/event/employers-social-mobility-career-progression/,https://socialmobility.independent-commission.uk/events/employers-social-mobility-masterclass-progression/
,FALSE,/event/eneis-guest-webinar-what-is-social-mobility/,https://socialmobility.independent-commission.uk/events/eneis-guest-webinar-what-is-social-mobility/
,FALSE,/event/how-t-levels-can-contribute-to-your-workforce-development-plans/,https://socialmobility.independent-commission.uk/events/how-t-levels-can-contribute-to-your-workforce-development-plans/
,FALSE,/event/how-to-drive-social-mobility-through-apprenticeships/,https://socialmobility.independent-commission.uk/events/how-to-drive-social-mobility-through-apprenticeships/
,FALSE,/event/icaews-background-should-be-no-barrier-strengthening-social-mobility-in-the-accountancy-profession/,https://socialmobility.independent-commission.uk/events/icaews-background-should-be-no-barrier-strengthening-social-mobility-in-the-accountancy-profession/
,FALSE,/event/improving-social-mobility-inclusion-and-belonging-in-the-workplace/,https://socialmobility.independent-commission.uk/events/improving-social-mobility-inclusion-and-belonging-in-the-workplace/
,FALSE,/event/in-conversation-with-ann-francke-obe-the-building-blocks-of-social-mobility-in-the-workplace/,https://socialmobility.independent-commission.uk/events/in-conversation-with-ann-francke-obe-the-building-blocks-of-social-mobility-in-the-workplace/
,FALSE,/event/interactive-launch-of-our-new-financial-professional-services-toolkit/,https://socialmobility.independent-commission.uk/events/interactive-launch-of-our-new-financial-professional-services-toolkit/
,FALSE,/event/join-us-to-drive-sustainable-change-in-social-mobility-sunderland/,https://socialmobility.independent-commission.uk/events/join-us-to-drive-sustainable-change-in-social-mobility/
,FALSE,/event/labour-market-value-of-qualifications/,https://socialmobility.independent-commission.uk/events/can-we-increase-social-mobility-by-improving-young-peoples-access-to-information-about-the-labour-market-value-of-he-and-fe-qualifications/
,FALSE,/event/launch-event-state-of-the-nation-2021-social-mobility-and-the-pandemic/,https://socialmobility.independent-commission.uk/events/launch-event-state-of-the-nation-2021-social-mobility-and-the-pandemic/
,FALSE,/event/launch-of-the-social-mobility-commissions-employer-consultation-and-employer-advisory-group/,https://socialmobility.independent-commission.uk/events/launch-of-the-social-mobility-commissions-employer-consultation-and-employer-advisory-group/
,FALSE,/event/making-the-most-out-of-apprenticeships-webinar/,https://socialmobility.independent-commission.uk/events/making-the-most-out-of-apprenticeships-webinar/
,FALSE,/event/masterclassapprenticeshipsmay22/,https://socialmobility.independent-commission.uk/events/social-mobility-employers-masterclass-apprenticeships/
,FALSE,/event/outreach-and-social-mobility/,https://socialmobility.independent-commission.uk/events/employers-masterclass-outreach-and-social-mobility/
,FALSE,/event/priorities-for-raising-attainment/,https://socialmobility.independent-commission.uk/events/westminster-education-forums-priorities-for-raising-attainment-in-englands-schools/
,FALSE,/event/social-mobility-employers-masterclass-2021-series-outreach/,https://socialmobility.independent-commission.uk/events/social-mobility-employers-masterclass-2021-series-outreach/
,FALSE,/event/social-mobility-employers-masterclass-data-what-why-and-how/,https://socialmobility.independent-commission.uk/events/social-mobility-employers-masterclass-data-what-why-and-how/
,FALSE,/event/social-mobility-employers-masterclass-hiring/,https://socialmobility.independent-commission.uk/events/employers-masterclass-social-mobility-hiring-and-recruitment/
,FALSE,/event/social-mobility-employers-masterclass-how-to-talk-about-class-in-the-workplace/,https://socialmobility.independent-commission.uk/events/social-mobility-employers-masterclass-how-to-talk-about-class-in-the-workplace/
,FALSE,/event/social-mobility-employers-masterclass-mentoring-as-a-tool-to-support-social-mobility/,https://socialmobility.independent-commission.uk/events/social-mobility-employers-masterclass-mentoring-as-a-tool-to-support-social-mobility/
,FALSE,/event/social-mobility-employers-masterclass-series-advocacy/,https://socialmobility.independent-commission.uk/events/social-mobility-employers-masterclass-series-advocacy/
,FALSE,/event/social-mobility-employers-masterclass-series-data-2/,https://socialmobility.independent-commission.uk/events/social-mobility-employers-masterclass-series-data-2/
,FALSE,/event/social-mobility-employers-masterclass-series-data/,https://socialmobility.independent-commission.uk/events/social-mobility-employers-masterclass-series-data/
,FALSE,/event/social-mobility-employers-masterclass-series-hiring/,https://socialmobility.independent-commission.uk/events/social-mobility-employers-masterclass-series-hiring/
,FALSE,/event/social-mobility-employers-masterclass-series-leadership-culture/,https://socialmobility.independent-commission.uk/events/social-mobility-employers-masterclass-series-leadership-culture/
,FALSE,/event/social-mobility-employers-masterclass-series-outreach/,https://socialmobility.independent-commission.uk/events/social-mobility-employers-masterclass-series-outreach/
,FALSE,/event/social-mobility-employers-masterclass-series-progression-2/,https://socialmobility.independent-commission.uk/events/social-mobility-employers-masterclass-series-progression-2/
,FALSE,/event/social-mobility-employers-masterclass-series-progression/,https://socialmobility.independent-commission.uk/events/social-mobility-employers-masterclass-series-progression/
,FALSE,/event/social-mobility-steps-for-boosting-opportunity-in-the-workplace/,https://socialmobility.independent-commission.uk/events/social-mobility-steps-for-boosting-opportunity-in-the-workplace/
,FALSE,/event/socio-economic-background-data-collection-qa-hosted-by-the-socio-economic-diversity-taskforce/,https://socialmobility.independent-commission.uk/events/socio-economic-background-data-collection-qa-hosted-by-the-socio-economic-diversity-taskforce/
,FALSE,/event/t-levels-industry-placements-upskilling-tomorrows-workforce/,https://socialmobility.independent-commission.uk/events/t-levels-industry-placements-upskilling-tomorrows-workforce/
,FALSE,/event/the-apprenticeships-conference-2023/,https://socialmobility.independent-commission.uk/events/inside-governments-the-apprenticeships-conference-2023/
,FALSE,/event/the-festival-of-education/,https://socialmobility.independent-commission.uk/events/the-festival-of-education/
,FALSE,/event/the-importance-of-culture-and-leadership/,https://socialmobility.independent-commission.uk/events/the-importance-of-culture-and-leadership-in-conversation-with-i-stephanie-boyce-president-of-the-law-society/
,FALSE,/event/the-lord-mayors-appeal-launch-event/,https://socialmobility.independent-commission.uk/events/the-lord-mayors-appeal-the-power-of-inclusion-launch-2022-event/
,FALSE,/event/time-for-change-using-apprenticeships-to-drive-social-mobility-diversity-and-inclusion/,https://socialmobility.independent-commission.uk/events/time-for-change-using-apprenticeships-to-drive-social-mobility-diversity-and-inclusion/
,FALSE,/event/uk-social-mobility-awards-entries-close-on-26-june/,https://socialmobility.independent-commission.uk/events-listings/
,FALSE,/event/un-global-compact-network-webinar/,https://socialmobility.independent-commission.uk/events/un-global-compact-network-uks-social-mobility-improving-recruitment-and-boosting-inclusion-webinar/
,FALSE,/event/webinar-for-employers-develop-talent-through-apprenticeships/,https://socialmobility.independent-commission.uk/events/webinar-for-employers-develop-talent-through-apprenticeships/
,FALSE,/event/westminster-higher-education-forums-next-steps-for-equality-of-opportunity-in-higher-education/,https://socialmobility.independent-commission.uk/events/westminster-higher-education-forums-next-steps-for-equality-of-opportunity-in-higher-education/
,FALSE,/event/westminster-insights-social-mobility-in-the-workplace-conference/,https://socialmobility.independent-commission.uk/events/westminster-insights-social-mobility-in-the-workplace-conference/
,FALSE,/event/new-event-page/,https://socialmobility.independent-commission.uk/events-listings/
,FALSE,,
,FALSE,/location/bedfordshire/,https://socialmobility.independent-commission.uk/
,FALSE,/location/berkshire/,https://socialmobility.independent-commission.uk/
,FALSE,/location/bristol/,https://socialmobility.independent-commission.uk/
,FALSE,/location/buckinghamshire/,https://socialmobility.independent-commission.uk/
,FALSE,/location/cambridgeshire/,https://socialmobility.independent-commission.uk/
,FALSE,/location/cheshire/,https://socialmobility.independent-commission.uk/
,FALSE,/location/city-of-london/,https://socialmobility.independent-commission.uk/
,FALSE,/location/cornwall/,https://socialmobility.independent-commission.uk/
,FALSE,/location/cumbria/,https://socialmobility.independent-commission.uk/
,FALSE,/location/derbyshire/,https://socialmobility.independent-commission.uk/
,FALSE,/location/devon/,https://socialmobility.independent-commission.uk/
,FALSE,/location/dorset/,https://socialmobility.independent-commission.uk/
,FALSE,/location/durham/,https://socialmobility.independent-commission.uk/
,FALSE,/location/east-midlands/,https://socialmobility.independent-commission.uk/
,FALSE,/location/east-of-england/,https://socialmobility.independent-commission.uk/
,FALSE,/location/east-riding-of-yorkshire/,https://socialmobility.independent-commission.uk/
,FALSE,/location/east-sussex/,https://socialmobility.independent-commission.uk/
,FALSE,/location/essex/,https://socialmobility.independent-commission.uk/
,FALSE,/location/gloucestershire/,https://socialmobility.independent-commission.uk/
,FALSE,/location/greater-london/,https://socialmobility.independent-commission.uk/
,FALSE,/location/greater-manchester/,https://socialmobility.independent-commission.uk/
,FALSE,/location/hampshire/,https://socialmobility.independent-commission.uk/
,FALSE,/location/herefordshire/,https://socialmobility.independent-commission.uk/
,FALSE,/location/hertfordshire/,https://socialmobility.independent-commission.uk/
,FALSE,/location/isle-of-wight/,https://socialmobility.independent-commission.uk/
,FALSE,/location/kent/,https://socialmobility.independent-commission.uk/
,FALSE,/location/lancashire/,https://socialmobility.independent-commission.uk/
,FALSE,/location/leicestershire/,https://socialmobility.independent-commission.uk/
,FALSE,/location/lincolnshire/,https://socialmobility.independent-commission.uk/
,FALSE,/location/london/,https://socialmobility.independent-commission.uk/
,FALSE,/location/merseyside/,https://socialmobility.independent-commission.uk/
,FALSE,/location/nationwide/,https://socialmobility.independent-commission.uk/
,FALSE,/location/norfolk/,https://socialmobility.independent-commission.uk/
,FALSE,/location/north-east/,https://socialmobility.independent-commission.uk/
,FALSE,/location/north-west/,https://socialmobility.independent-commission.uk/
,FALSE,/location/north-yorkshire/,https://socialmobility.independent-commission.uk/
,FALSE,/location/northamptonshire/,https://socialmobility.independent-commission.uk/
,FALSE,/location/northern-ireland/,https://socialmobility.independent-commission.uk/
,FALSE,/location/northumberland/,https://socialmobility.independent-commission.uk/
,FALSE,/location/nottinghamshire/,https://socialmobility.independent-commission.uk/
,FALSE,/location/oxfordshire/,https://socialmobility.independent-commission.uk/
,FALSE,/location/rutland/,https://socialmobility.independent-commission.uk/
,FALSE,/location/scotland/,https://socialmobility.independent-commission.uk/
,FALSE,/location/shropshire/,https://socialmobility.independent-commission.uk/
,FALSE,/location/somerset/,https://socialmobility.independent-commission.uk/
,FALSE,/location/south-east/,https://socialmobility.independent-commission.uk/
,FALSE,/location/south-west/,https://socialmobility.independent-commission.uk/
,FALSE,/location/south-yorkshire/,https://socialmobility.independent-commission.uk/
,FALSE,/location/staffordshire/,https://socialmobility.independent-commission.uk/
,FALSE,/location/suffolk/,https://socialmobility.independent-commission.uk/
,FALSE,/location/surrey/,https://socialmobility.independent-commission.uk/
,FALSE,/location/tyne-and-wear/,https://socialmobility.independent-commission.uk/
,FALSE,/location/wales/,https://socialmobility.independent-commission.uk/
,FALSE,/location/warwickshire/,https://socialmobility.independent-commission.uk/
,FALSE,/location/west-midlands/,https://socialmobility.independent-commission.uk/
,FALSE,/location/west-sussex/,https://socialmobility.independent-commission.uk/
,FALSE,/location/west-yorkshire/,https://socialmobility.independent-commission.uk/
,FALSE,/location/wiltshire/,https://socialmobility.independent-commission.uk/
,FALSE,/location/worcestershire/,https://socialmobility.independent-commission.uk/
,FALSE,/location/yorkshire-and-the-humber/,https://socialmobility.independent-commission.uk/
,FALSE,,
,FALSE,/sectors/advocacy/,https://socialmobility.independent-commission.uk/
,FALSE,/sectors/culture-and-leadership/,https://socialmobility.independent-commission.uk/
,FALSE,/sectors/data/,https://socialmobility.independent-commission.uk/
,FALSE,/sectors/dei/,https://socialmobility.independent-commission.uk/
,FALSE,/sectors/early-years/,https://socialmobility.independent-commission.uk/
,FALSE,/sectors/general/,https://socialmobility.independent-commission.uk/
,FALSE,/sectors/hiring/,https://socialmobility.independent-commission.uk/
,FALSE,/sectors/outreach/,https://socialmobility.independent-commission.uk/
,FALSE,/sectors/progression/,https://socialmobility.independent-commission.uk/
,FALSE,/sectors/recruitment/,https://socialmobility.independent-commission.uk/
,FALSE,,
,FALSE,/content-type/further-reading/,https://socialmobility.independent-commission.uk/
,FALSE,/content-type/resource-documents/,https://socialmobility.independent-commission.uk/
,FALSE,/content-type/videos/,https://socialmobility.independent-commission.uk/
,FALSE,/content-type/webinars-masterclasses/,https://socialmobility.independent-commission.uk/
,FALSE,,
,FALSE,/industries/apprenticeships/,https://socialmobility.independent-commission.uk/
,FALSE,/industries/creative-industries/,https://socialmobility.independent-commission.uk/
,FALSE,/industries/cross-industry/,https://socialmobility.independent-commission.uk/
,FALSE,/industries/financial-and-professional-services/,https://socialmobility.independent-commission.uk/
,FALSE,,
,FALSE,/toolkit-versions/apprenticeships/,https://socialmobility.independent-commission.uk/resources/apprenticeships-toolkit/
,FALSE,/toolkit-versions/creative-industries/,https://socialmobility.independent-commission.uk/resources/creative-industries-toolkit/
,FALSE,/toolkit-versions/cross-industry/,https://socialmobility.independent-commission.uk/resources/socio-economic-diversity-and-inclusion-employers-toolkit/
,FALSE,/toolkit-versions/financial-and-professional/,https://socialmobility.independent-commission.uk/resources/financial-and-professional-services-toolkit/
,FALSE,,
,FALSE,/event-types/all-events/,https://socialmobility.independent-commission.uk/events-listings/
,FALSE,/event-types/conference/,https://socialmobility.independent-commission.uk/events-listings/
,FALSE,/event-types/external-event/,https://socialmobility.independent-commission.uk/events-listings/
,FALSE,/event-types/hybrid/,https://socialmobility.independent-commission.uk/events-listings/
,FALSE,/event-types/masterclass/,https://socialmobility.independent-commission.uk/events-listings/
,FALSE,/event-types/online/,https://socialmobility.independent-commission.uk/events-listings/
,FALSE,/event-types/seminar/,https://socialmobility.independent-commission.uk/events-listings/
,FALSE,/event-types/webinar/,https://socialmobility.independent-commission.uk/events-listings/
,FALSE,,
,FALSE,/awsm_team_filters/commissioners/,https://socialmobility.independent-commission.uk/people-listing/
,FALSE,,
,FALSE,/author/shannon-millersocialmobilitycommission-gov-uk/,https://socialmobility.independent-commission.uk/news-and-blogs/
,FALSE,/author/rachael-cochranesocialmobilitycommission-gov-uk/,https://socialmobility.independent-commission.uk/news-and-blogs/
,FALSE,/author/paula-kempsocialmobilitycommission-gov-uk/,https://socialmobility.independent-commission.uk/news-and-blogs/
,FALSE,/author/smc-admin/,https://socialmobility.independent-commission.uk/news-and-blogs/
